code,stripe_id
CAVE-QAV-GRT,promo_1TZdDbJAg9T5A3VEHeoCvVLr
CAVE-BB9-Y3K,promo_1TZdDcJAg9T5A3VEP4X6BOSd
CAVE-J4B-C4F,promo_1TZdDcJAg9T5A3VE3IAlUMlc
CAVE-QGE-FE5,promo_1TZdDcJAg9T5A3VE6uEGwIuH
CAVE-YA4-23Y,promo_1TZdDcJAg9T5A3VE9elLb6FC
CAVE-G55-8CY,promo_1TZdDdJAg9T5A3VEyUB5rlex
CAVE-FZV-MBD,promo_1TZdDdJAg9T5A3VENpbHIOcn
CAVE-EEX-UZ9,promo_1TZdDdJAg9T5A3VEkfQljooD
CAVE-9TE-UTA,promo_1TZdDdJAg9T5A3VEU69pjxFP
CAVE-TNK-P49,promo_1TZdDeJAg9T5A3VEYpFVzbsA
CAVE-Y8B-YCT,promo_1TZdDeJAg9T5A3VEJYK9q3wG
CAVE-FMK-BK9,promo_1TZdDeJAg9T5A3VEkqEIpffe
CAVE-C4Q-TTF,promo_1TZdDeJAg9T5A3VEg6mP42kF
CAVE-ATA-FHZ,promo_1TZdDfJAg9T5A3VEv6Hkf9WJ
CAVE-8XW-VD9,promo_1TZdDfJAg9T5A3VE2NZRcweg
CAVE-GD4-BDA,promo_1TZdDfJAg9T5A3VEnwyjaBDP
CAVE-MAJ-MA5,promo_1TZdDfJAg9T5A3VEsUrStPWJ
CAVE-HJK-39Y,promo_1TZdDfJAg9T5A3VExKuMqD2R
CAVE-66P-PVF,promo_1TZdDgJAg9T5A3VEFNuxTjQ2
CAVE-4EY-4GK,promo_1TZdDgJAg9T5A3VEguwOzZVh
CAVE-PXM-7RM,promo_1TZdDgJAg9T5A3VEaB1y9VdP
CAVE-5D5-EPZ,promo_1TZdDgJAg9T5A3VEDyQHTs6n
CAVE-HGH-6EB,promo_1TZdDhJAg9T5A3VEPrajOWdY
CAVE-6GP-7YU,promo_1TZdDhJAg9T5A3VErs3FpW7z
CAVE-PVX-88E,promo_1TZdDhJAg9T5A3VEY4Hz7HRb
CAVE-5RA-AXA,promo_1TZdDhJAg9T5A3VETpcXquvU
CAVE-E3X-J42,promo_1TZdDiJAg9T5A3VEsX3yXBWx
CAVE-KEH-PCF,promo_1TZdDiJAg9T5A3VEaUriSmeR
CAVE-BNF-W95,promo_1TZdDiJAg9T5A3VE2R571o1d
CAVE-JKE-YW8,promo_1TZdDiJAg9T5A3VEdUBgi0vX
CAVE-YS7-6UR,promo_1TZdDiJAg9T5A3VEghfBi2lX
CAVE-TQD-NG6,promo_1TZdDjJAg9T5A3VEikDs5KMv
CAVE-3ZH-Y5B,promo_1TZdDjJAg9T5A3VE7MV1UQXG
CAVE-WDZ-2DD,promo_1TZdDjJAg9T5A3VEQIs6eCeC
CAVE-78C-738,promo_1TZdDjJAg9T5A3VECCQKcBq8
CAVE-C5C-MP9,promo_1TZdDkJAg9T5A3VEraZW8oYX
CAVE-MB5-RJT,promo_1TZdDkJAg9T5A3VEO86Pqg7Q
CAVE-37R-ADP,promo_1TZdDkJAg9T5A3VEhX74IQyn
CAVE-PPB-FJF,promo_1TZdDkJAg9T5A3VEgXvQF5NB
CAVE-JG3-D6H,promo_1TZdDlJAg9T5A3VElrbwwqmV
CAVE-24F-FMG,promo_1TZdDlJAg9T5A3VEsKCJ7eKE
CAVE-24Z-AC5,promo_1TZdDlJAg9T5A3VEF7T3Y79z
CAVE-8VM-D5Q,promo_1TZdDlJAg9T5A3VEXHD5HRBZ
CAVE-8CW-HC6,promo_1TZdDlJAg9T5A3VE7WneP114
CAVE-HDP-27H,promo_1TZdDmJAg9T5A3VEVnu3iyao
CAVE-Y2K-VHT,promo_1TZdDmJAg9T5A3VEqpNkrOb0
CAVE-WEV-X4N,promo_1TZdDmJAg9T5A3VE8qt9bUzb
CAVE-DAB-QNX,promo_1TZdDmJAg9T5A3VEsHzlWXty
CAVE-REP-BGK,promo_1TZdDnJAg9T5A3VEI8lHd6Mg
CAVE-T4B-BRP,promo_1TZdDnJAg9T5A3VERdTdGKpL